{"initial_reset_timestamp": 9.868957194, "timestamps": [14.909471013], "episode_lengths": [98], "episode_rewards": [-283.0318935495977], "episode_types": ["t", "t"]}