{"initial_reset_timestamp": 2506.186444923, "timestamps": [2509.602383974], "episode_lengths": [92], "episode_rewards": [-48.91080766542376], "episode_types": ["t", "t"]}