{"initial_reset_timestamp": 50448.4397331, "timestamps": [50458.5207356], "episode_lengths": [300], "episode_rewards": [188.8856443420135], "episode_types": ["t", "t"]}