{"initial_reset_timestamp": 57294.6530427, "timestamps": [57304.7361844], "episode_lengths": [300], "episode_rewards": [134.30328744505084], "episode_types": ["t", "t"]}